t,schumann,coherence,entropy
0,0.2800,0.7289,0.2711
1,-1.0339,0.7281,0.2719
2,-0.8490,0.7315,0.2685
3,0.1076,0.7286,0.2714
4,0.8663,0.7285,0.2715
5,0.8313,0.7238,0.2762
6,-0.3054,0.7299,0.2701
7,-0.9781,0.7384,0.2616
8,-0.7929,0.7380,0.2620
9,0.3257,0.7484,0.2516
10,1.2363,0.7444,0.2556
11,0.5754,0.7388,0.2612
12,-0.2990,0.7356,0.2644
13,-0.7628,0.7381,0.2619
14,-0.7441,0.7336,0.2664
15,0.2626,0.7292,0.2708
16,1.0187,0.7400,0.2600
17,0.6933,0.7374,0.2626
18,-0.3362,0.7315,0.2685
19,-1.3759,0.7294,0.2706
20,-0.5833,0.7229,0.2771
21,0.3580,0.7206,0.2794
22,0.9480,0.7197,0.2803
23,0.8429,0.7297,0.2703
24,-0.7382,0.7396,0.2604
25,-1.0021,0.7488,0.2512
26,-0.5379,0.7590,0.2410
27,0.5229,0.7559,0.2441
28,1.0380,0.7506,0.2494
29,0.3747,0.7504,0.2496
30,-0.4976,0.7461,0.2539
31,-0.9569,0.7418,0.2582
32,-0.4971,0.7433,0.2567
33,0.4523,0.7373,0.2627
34,1.1711,0.7319,0.2681
35,0.3703,0.7251,0.2749
36,-0.8459,0.7332,0.2668
37,-0.9243,0.7332,0.2668
38,-0.2083,0.7407,0.2593
39,0.5436,0.7477,0.2523
40,1.0435,0.7561,0.2439
41,0.0903,0.7579,0.2421
42,-0.9399,0.7612,0.2388
43,-0.9556,0.7683,0.2317
44,-0.1613,0.7630,0.2370
45,0.8199,0.7538,0.2462
46,0.9972,0.7524,0.2476
47,-0.0170,0.7531,0.2469
48,-0.8942,0.7549,0.2451
49,-0.8880,0.7506,0.2494
50,0.1797,0.7420,0.2580
51,0.9161,0.7434,0.2566
52,0.8393,0.7430,0.2570
53,-0.0565,0.7482,0.2518
54,-1.0020,0.7572,0.2428
55,-0.7166,0.7675,0.2325
56,0.0027,0.7675,0.2325
57,1.1163,0.7699,0.2301
58,0.9091,0.7769,0.2231
59,-0.1968,0.7728,0.2272
60,-0.9209,0.7773,0.2227
61,-0.7126,0.7694,0.2306
62,0.3203,0.7613,0.2387
63,0.8045,0.7663,0.2337
64,0.7756,0.7715,0.2285
65,-0.0786,0.7764,0.2236
66,-0.9965,0.7772,0.2228
67,-0.7711,0.7863,0.2137
68,0.3398,0.7911,0.2089
69,1.1197,0.7927,0.2073
70,0.6900,0.7978,0.2022
71,-0.2217,0.8017,0.1983
72,-1.1944,0.8097,0.1903
73,-0.5072,0.8145,0.1855
74,0.4975,0.8071,0.1929
75,1.3096,0.8076,0.1924
76,0.3532,0.8020,0.1980
77,-0.4130,0.7969,0.2031
78,-0.9350,0.7914,0.2086
79,-0.1728,0.7878,0.2122
80,0.4782,0.7944,0.2056
81,1.0016,0.8042,0.1958
82,0.3343,0.8103,0.1897
83,-0.7242,0.8058,0.1942
84,-1.0981,0.8023,0.1977
85,-0.3038,0.8098,0.1902
86,0.5651,0.8030,0.1970
87,0.8423,0.8119,0.1881
88,0.0120,0.8039,0.1961
89,-0.7758,0.7970,0.2030
90,-0.9287,0.7973,0.2027
91,-0.1654,0.8029,0.1971
92,0.8968,0.7993,0.2007
93,1.1462,0.8090,0.1910
94,0.3352,0.8077,0.1923
95,-0.9875,0.8009,0.1991
96,-0.9491,0.7944,0.2056
97,0.0211,0.8009,0.1991
98,0.8892,0.8023,0.1977
99,0.7923,0.8017,0.1983
100,-0.0960,0.7968,0.2032
101,-0.8072,0.8067,0.1933
102,-0.7763,0.8028,0.1972
103,0.2406,0.8074,0.1926
104,0.9671,0.7986,0.2014
105,0.7542,0.7992,0.2008
106,-0.2205,0.7949,0.2051
107,-0.9345,0.7960,0.2040
108,-0.6721,0.7870,0.2130
109,0.1650,0.7960,0.2040
110,0.8215,0.7906,0.2094
111,0.7194,0.7898,0.2102
112,-0.0636,0.7862,0.2138
113,-0.9226,0.7777,0.2223
114,-0.5219,0.7744,0.2256
115,0.3709,0.7797,0.2203
116,0.8004,0.7712,0.2288
117,0.5348,0.7773,0.2227
118,-0.4703,0.7686,0.2314
119,-0.9708,0.7679,0.2321
120,-0.4907,0.7679,0.2321
121,0.4520,0.7608,0.2392
122,0.9700,0.7639,0.2361
123,0.4920,0.7593,0.2407
124,-0.5930,0.7680,0.2320
125,-0.9100,0.7764,0.2236
126,-0.6070,0.7731,0.2269
127,0.6019,0.7698,0.2302
128,1.0090,0.7678,0.2322
129,0.4647,0.7680,0.2320
130,-0.6130,0.7593,0.2407
131,-1.1070,0.7533,0.2467
132,-0.3718,0.7618,0.2382
133,0.5764,0.7602,0.2398
134,1.0474,0.7534,0.2466
135,0.1244,0.7490,0.2510
136,-0.8085,0.7514,0.2486
137,-1.0963,0.7523,0.2477
138,-0.3904,0.7625,0.2375
139,0.7923,0.7636,0.2364
140,1.0101,0.7717,0.2283
141,0.1234,0.7729,0.2271
142,-1.0008,0.7753,0.2247
143,-0.9032,0.7704,0.2296
144,-0.0512,0.7786,0.2214
145,0.9343,0.7730,0.2270
146,0.7352,0.7644,0.2356
147,0.0078,0.7657,0.2343
148,-0.9517,0.7635,0.2365
149,-1.0388,0.7628,0.2372
150,-0.0100,0.7715,0.2285
151,0.9669,0.7637,0.2363
152,0.8092,0.7572,0.2428
153,0.0778,0.7629,0.2371
154,-1.0636,0.7620,0.2380
155,-0.9689,0.7546,0.2454
156,0.0993,0.7504,0.2496
157,0.8792,0.7581,0.2419
158,0.8298,0.7679,0.2321
159,-0.1601,0.7726,0.2274
160,-1.0218,0.7797,0.2203
161,-0.6789,0.7810,0.2190
162,0.2403,0.7752,0.2248
163,0.9750,0.7816,0.2184
164,0.7549,0.7831,0.2169
165,-0.2850,0.7840,0.2160
166,-0.8325,0.7839,0.2161
167,-0.5801,0.7840,0.2160
168,0.3565,0.7904,0.2096
169,0.9891,0.7967,0.2033
170,0.6019,0.8063,0.1937
171,-0.4149,0.8068,0.1932
172,-1.2057,0.8010,0.1990
173,-0.4882,0.8093,0.1907
174,0.4267,0.8175,0.1825
175,1.1748,0.8199,0.1801
176,0.5061,0.8098,0.1902
177,-0.5252,0.8118,0.1882
178,-0.9421,0.8048,0.1952
179,-0.2969,0.8040,0.1960
180,0.6150,0.8074,0.1926
181,1.0843,0.7983,0.2017
182,0.5074,0.8059,0.1941
183,-0.5768,0.8107,0.1893
184,-1.3100,0.8174,0.1826
185,-0.0901,0.8158,0.1842
186,0.6540,0.8211,0.1789
187,0.7799,0.8214,0.1786
188,0.2327,0.8229,0.1771
189,-0.6553,0.8292,0.1708
190,-1.0292,0.8257,0.1743
191,-0.2441,0.8299,0.1701
192,0.8283,0.8355,0.1645
193,0.8071,0.8354,0.1646
194,0.2746,0.8418,0.1582
195,-0.8718,0.8493,0.1507
196,-1.0002,0.8452,0.1548
197,-0.0274,0.8526,0.1474
198,0.8157,0.8489,0.1511
199,0.8052,0.8399,0.1601
200,-0.1345,0.8471,0.1529
201,-1.0568,0.8559,0.1441
202,-0.8099,0.8505,0.1495
203,0.1437,0.8415,0.1585
204,0.8529,0.8346,0.1654
205,0.7564,0.8292,0.1708
206,-0.0255,0.8344,0.1656
207,-0.8103,0.8405,0.1595
208,-1.1239,0.8476,0.1524
209,0.2079,0.8520,0.1480
210,0.9453,0.8571,0.1429
211,0.7298,0.8580,0.1420
212,-0.1098,0.8632,0.1368
213,-0.9761,0.8647,0.1353
214,-0.6569,0.8647,0.1353
215,0.3975,0.8718,0.1282
216,0.8271,0.8722,0.1278
217,0.7621,0.8678,0.1322
218,-0.5549,0.8575,0.1425
219,-0.9883,0.8512,0.1488
220,-0.5625,0.8482,0.1518
221,0.3872,0.8396,0.1604
222,1.0818,0.8309,0.1691
223,0.4199,0.8276,0.1724
224,-0.4262,0.8359,0.1641
225,-1.2541,0.8278,0.1722
226,-0.6586,0.8364,0.1636
227,0.5021,0.8376,0.1624
228,0.9309,0.8440,0.1560
229,0.4826,0.8474,0.1526
230,-0.4113,0.8412,0.1588
231,-0.8897,0.8466,0.1534
232,-0.2975,0.8389,0.1611
233,0.6573,0.8331,0.1669
234,1.0750,0.8354,0.1646
235,0.2837,0.8297,0.1703
236,-0.6958,0.8363,0.1637
237,-0.9116,0.8328,0.1672
238,-0.1455,0.8276,0.1724
239,0.5713,0.8302,0.1698